period_start,period_end,period_start_utc,period_end_utc,sn,n_datapoints,rh,temp,pm1,pm25,pm10,co,no,no2,o3
2024-08-08T00:00:00-04:00,2024-08-08T01:00:00-04:00,2024-08-08T04:00:00+00:00,2024-08-08T05:00:00+00:00,MOD-00181,0,,,,,,,,,
2024-08-08T01:00:00-04:00,2024-08-08T02:00:00-04:00,2024-08-08T05:00:00+00:00,2024-08-08T06:00:00+00:00,MOD-00181,0,,,,,,,,,
2024-08-08T02:00:00-04:00,2024-08-08T03:00:00-04:00,2024-08-08T06:00:00+00:00,2024-08-08T07:00:00+00:00,MOD-00181,0,,,,,,,,,
2024-08-08T03:00:00-04:00,2024-08-08T04:00:00-04:00,2024-08-08T07:00:00+00:00,2024-08-08T08:00:00+00:00,MOD-00181,0,,,,,,,,,
2024-08-08T04:00:00-04:00,2024-08-08T05:00:00-04:00,2024-08-08T08:00:00+00:00,2024-08-08T09:00:00+00:00,MOD-00181,0,,,,,,,,,
2024-08-08T05:00:00-04:00,2024-08-08T06:00:00-04:00,2024-08-08T09:00:00+00:00,2024-08-08T10:00:00+00:00,MOD-00181,0,,,,,,,,,
2024-08-08T06:00:00-04:00,2024-08-08T07:00:00-04:00,2024-08-08T10:00:00+00:00,2024-08-08T11:00:00+00:00,MOD-00181,0,,,,,,,,,
2024-08-08T07:00:00-04:00,2024-08-08T08:00:00-04:00,2024-08-08T11:00:00+00:00,2024-08-08T12:00:00+00:00,MOD-00181,0,,,,,,,,,
2024-08-08T08:00:00-04:00,2024-08-08T09:00:00-04:00,2024-08-08T12:00:00+00:00,2024-08-08T13:00:00+00:00,MOD-00181,0,,,,,,,,,
2024-08-08T09:00:00-04:00,2024-08-08T10:00:00-04:00,2024-08-08T13:00:00+00:00,2024-08-08T14:00:00+00:00,MOD-00181,0,,,,,,,,,
2024-08-08T10:00:00-04:00,2024-08-08T11:00:00-04:00,2024-08-08T14:00:00+00:00,2024-08-08T15:00:00+00:00,MOD-00181,0,,,,,,,,,
2024-08-08T11:00:00-04:00,2024-08-08T12:00:00-04:00,2024-08-08T15:00:00+00:00,2024-08-08T16:00:00+00:00,MOD-00181,0,,,,,,,,,
2024-08-08T12:00:00-04:00,2024-08-08T13:00:00-04:00,2024-08-08T16:00:00+00:00,2024-08-08T17:00:00+00:00,MOD-00181,0,,,,,,,,,
2024-08-08T13:00:00-04:00,2024-08-08T14:00:00-04:00,2024-08-08T17:00:00+00:00,2024-08-08T18:00:00+00:00,MOD-00181,0,,,,,,,,,
2024-08-08T14:00:00-04:00,2024-08-08T15:00:00-04:00,2024-08-08T18:00:00+00:00,2024-08-08T19:00:00+00:00,MOD-00181,0,,,,,,,,,
2024-08-08T15:00:00-04:00,2024-08-08T16:00:00-04:00,2024-08-08T19:00:00+00:00,2024-08-08T20:00:00+00:00,MOD-00181,0,,,,,,,,,
2024-08-08T16:00:00-04:00,2024-08-08T17:00:00-04:00,2024-08-08T20:00:00+00:00,2024-08-08T21:00:00+00:00,MOD-00181,31,,,,,,,,,
2024-08-08T17:00:00-04:00,2024-08-08T18:00:00-04:00,2024-08-08T21:00:00+00:00,2024-08-08T22:00:00+00:00,MOD-00181,60,59.728,23.712,5.42,5.942,15.334,,,,
2024-08-08T18:00:00-04:00,2024-08-08T19:00:00-04:00,2024-08-08T22:00:00+00:00,2024-08-08T23:00:00+00:00,MOD-00181,60,64.805,22.037,5.456,6.02,17.357,551.335,2.194,36.802,43.636
2024-08-08T19:00:00-04:00,2024-08-08T20:00:00-04:00,2024-08-08T23:00:00+00:00,2024-08-09T00:00:00+00:00,MOD-00181,60,69.407,20.898,5.321,6.056,17.951,506.137,2.039,33.159,36.045
2024-08-08T20:00:00-04:00,2024-08-08T21:00:00-04:00,2024-08-09T00:00:00+00:00,2024-08-09T01:00:00+00:00,MOD-00181,60,80.867,19.765,5.444,6.35,10.398,474.293,1.617,46.588,30.821
2024-08-08T21:00:00-04:00,2024-08-08T22:00:00-04:00,2024-08-09T01:00:00+00:00,2024-08-09T02:00:00+00:00,MOD-00181,60,83.667,19.505,5.672,6.812,16.167,444.575,1.816,44.676,26.032
2024-08-08T22:00:00-04:00,2024-08-08T23:00:00-04:00,2024-08-09T02:00:00+00:00,2024-08-09T03:00:00+00:00,MOD-00181,60,83.892,19.623,5.63,7.141,22.546,404.922,1.817,41.73,23.56
2024-08-08T23:00:00-04:00,2024-08-09T00:00:00-04:00,2024-08-09T03:00:00+00:00,2024-08-09T04:00:00+00:00,MOD-00181,60,83.587,19.772,5.615,6.837,20.067,380.736,1.814,39.915,21.64
2024-08-09T00:00:00-04:00,2024-08-09T01:00:00-04:00,2024-08-09T04:00:00+00:00,2024-08-09T05:00:00+00:00,MOD-00181,60,84.433,19.725,5.466,7.179,26.86,348.763,1.829,38.084,21.679
2024-08-09T01:00:00-04:00,2024-08-09T02:00:00-04:00,2024-08-09T05:00:00+00:00,2024-08-09T06:00:00+00:00,MOD-00181,60,86.46,19.558,4.686,6.11,58.892,329.93,1.961,34.431,23.033
2024-08-09T02:00:00-04:00,2024-08-09T03:00:00-04:00,2024-08-09T06:00:00+00:00,2024-08-09T07:00:00+00:00,MOD-00181,60,87.725,19.518,4.214,5.037,28.935,319.663,2.17,31.873,21.569
2024-08-09T03:00:00-04:00,2024-08-09T04:00:00-04:00,2024-08-09T07:00:00+00:00,2024-08-09T08:00:00+00:00,MOD-00181,60,87.442,19.653,4.299,5.528,11.151,317.088,2.143,30.608,20.123
2024-08-09T04:00:00-04:00,2024-08-09T05:00:00-04:00,2024-08-09T08:00:00+00:00,2024-08-09T09:00:00+00:00,MOD-00181,60,87.2,19.835,3.245,4.326,10.783,312.208,2.128,26.891,18.628
2024-08-09T05:00:00-04:00,2024-08-09T06:00:00-04:00,2024-08-09T09:00:00+00:00,2024-08-09T10:00:00+00:00,MOD-00181,60,87.787,19.955,4.019,4.739,13.762,323.005,2.164,29.496,16.855
2024-08-09T06:00:00-04:00,2024-08-09T07:00:00-04:00,2024-08-09T10:00:00+00:00,2024-08-09T11:00:00+00:00,MOD-00181,60,88.542,20.118,5.305,6.909,44.167,366.419,2.296,31.726,13.768
2024-08-09T07:00:00-04:00,2024-08-09T08:00:00-04:00,2024-08-09T11:00:00+00:00,2024-08-09T12:00:00+00:00,MOD-00181,60,88.872,20.457,6.08,7.872,67.789,419.129,2.318,30.17,11.335
2024-08-09T08:00:00-04:00,2024-08-09T09:00:00-04:00,2024-08-09T12:00:00+00:00,2024-08-09T13:00:00+00:00,MOD-00181,60,88.375,21.287,7.424,9.387,48.144,468.886,2.177,26.535,9.823
2024-08-09T09:00:00-04:00,2024-08-09T10:00:00-04:00,2024-08-09T13:00:00+00:00,2024-08-09T14:00:00+00:00,MOD-00181,60,85.057,22.81,8.691,10.908,18.849,531.159,1.487,38.474,7.66
2024-08-09T10:00:00-04:00,2024-08-09T11:00:00-04:00,2024-08-09T14:00:00+00:00,2024-08-09T15:00:00+00:00,MOD-00181,60,83.435,23.707,9.211,11.563,25.372,579.844,1.295,37.442,7.397
2024-08-09T11:00:00-04:00,2024-08-09T12:00:00-04:00,2024-08-09T15:00:00+00:00,2024-08-09T16:00:00+00:00,MOD-00181,60,80.688,25.693,12.916,16.197,49.063,709.965,3.136,24.348,8.367
2024-08-09T12:00:00-04:00,2024-08-09T13:00:00-04:00,2024-08-09T16:00:00+00:00,2024-08-09T17:00:00+00:00,MOD-00181,60,70.793,29.635,8.111,10.599,29.662,627.329,7.419,9.686,9.919
2024-08-09T13:00:00-04:00,2024-08-09T14:00:00-04:00,2024-08-09T17:00:00+00:00,2024-08-09T18:00:00+00:00,MOD-00181,60,61.21,32.253,5.489,8.428,28.315,472.43,6.822,3.733,12.925
2024-08-09T14:00:00-04:00,2024-08-09T15:00:00-04:00,2024-08-09T18:00:00+00:00,2024-08-09T19:00:00+00:00,MOD-00181,60,56.055,33.183,4.862,7.884,30.848,433.478,5.293,5.061,18.178
2024-08-09T15:00:00-04:00,2024-08-09T16:00:00-04:00,2024-08-09T19:00:00+00:00,2024-08-09T20:00:00+00:00,MOD-00181,60,56.537,32.835,4.536,7.835,30.592,420.821,2.186,6.319,20.546
2024-08-09T16:00:00-04:00,2024-08-09T17:00:00-04:00,2024-08-09T20:00:00+00:00,2024-08-09T21:00:00+00:00,MOD-00181,60,58.678,32.28,4.101,7.8,32.651,408.808,2.202,6.221,20.341
2024-08-09T17:00:00-04:00,2024-08-09T18:00:00-04:00,2024-08-09T21:00:00+00:00,2024-08-09T22:00:00+00:00,MOD-00181,60,60.753,31.522,4.299,8.613,39.322,396.725,2.138,4.721,19.483
2024-08-09T18:00:00-04:00,2024-08-09T19:00:00-04:00,2024-08-09T22:00:00+00:00,2024-08-09T23:00:00+00:00,MOD-00181,60,64.482,30.407,4.228,9.092,40.362,379.245,1.903,3.924,17.843
2024-08-09T19:00:00-04:00,2024-08-09T20:00:00-04:00,2024-08-09T23:00:00+00:00,2024-08-10T00:00:00+00:00,MOD-00181,60,66.897,29.625,4.442,10.074,47.124,356.14,1.762,4.277,17.278
2024-08-09T20:00:00-04:00,2024-08-09T21:00:00-04:00,2024-08-10T00:00:00+00:00,2024-08-10T01:00:00+00:00,MOD-00181,60,71.532,28.807,4.438,10.525,49.475,347.477,1.702,7.245,17.158
2024-08-09T21:00:00-04:00,2024-08-09T22:00:00-04:00,2024-08-10T01:00:00+00:00,2024-08-10T02:00:00+00:00,MOD-00181,60,73.517,28.378,4.991,11.421,53.737,345.222,1.55,8.211,16.844
2024-08-09T22:00:00-04:00,2024-08-09T23:00:00-04:00,2024-08-10T02:00:00+00:00,2024-08-10T03:00:00+00:00,MOD-00181,60,77.103,27.758,4.892,12.208,52.755,331.565,1.473,5.999,15.818
2024-08-09T23:00:00-04:00,2024-08-10T00:00:00-04:00,2024-08-10T03:00:00+00:00,2024-08-10T04:00:00+00:00,MOD-00181,60,80.835,26.95,3.909,9.724,25.538,326.332,1.44,11.714,15.389
2024-08-10T00:00:00-04:00,2024-08-10T01:00:00-04:00,2024-08-10T04:00:00+00:00,2024-08-10T05:00:00+00:00,MOD-00181,60,81.485,26.662,3.944,8.497,21.696,326.373,1.426,15.126,14.346
2024-08-10T01:00:00-04:00,2024-08-10T02:00:00-04:00,2024-08-10T05:00:00+00:00,2024-08-10T06:00:00+00:00,MOD-00181,60,82.253,26.527,3.87,7.191,16.838,324.471,1.37,25.403,14.528
2024-08-10T02:00:00-04:00,2024-08-10T03:00:00-04:00,2024-08-10T06:00:00+00:00,2024-08-10T07:00:00+00:00,MOD-00181,60,81.483,26.182,1.613,2.575,6.593,317.899,1.397,26.169,16.18
2024-08-10T03:00:00-04:00,2024-08-10T04:00:00-04:00,2024-08-10T07:00:00+00:00,2024-08-10T08:00:00+00:00,MOD-00181,60,80.633,25.89,1.807,2.588,6.912,317.319,1.417,19.988,18.618
2024-08-10T04:00:00-04:00,2024-08-10T05:00:00-04:00,2024-08-10T08:00:00+00:00,2024-08-10T09:00:00+00:00,MOD-00181,60,83.887,25.412,1.91,2.829,6.658,323.906,1.342,36.067,17.616
2024-08-10T05:00:00-04:00,2024-08-10T06:00:00-04:00,2024-08-10T09:00:00+00:00,2024-08-10T10:00:00+00:00,MOD-00181,60,85.297,25.212,1.059,1.586,3.784,328.306,1.269,35.694,13.549
2024-08-10T06:00:00-04:00,2024-08-10T07:00:00-04:00,2024-08-10T10:00:00+00:00,2024-08-10T11:00:00+00:00,MOD-00181,60,84.93,25.357,0.874,1.283,4.021,331.768,1.321,33.588,9.866
2024-08-10T07:00:00-04:00,2024-08-10T08:00:00-04:00,2024-08-10T11:00:00+00:00,2024-08-10T12:00:00+00:00,MOD-00181,60,84.528,25.578,0.888,1.337,5.879,342.35,1.32,32.147,6.985
2024-08-10T08:00:00-04:00,2024-08-10T09:00:00-04:00,2024-08-10T12:00:00+00:00,2024-08-10T13:00:00+00:00,MOD-00181,60,80.412,26.275,1.374,1.685,4.239,347.483,1.421,22.892,8.779
2024-08-10T09:00:00-04:00,2024-08-10T10:00:00-04:00,2024-08-10T13:00:00+00:00,2024-08-10T14:00:00+00:00,MOD-00181,60,70.75,28.373,2.485,2.767,5.653,349.268,1.621,8.375,12.545
2024-08-10T10:00:00-04:00,2024-08-10T11:00:00-04:00,2024-08-10T14:00:00+00:00,2024-08-10T15:00:00+00:00,MOD-00181,60,61.47,30.173,4.096,4.414,8.007,351.486,1.979,5.368,16.521
2024-08-10T11:00:00-04:00,2024-08-10T12:00:00-04:00,2024-08-10T15:00:00+00:00,2024-08-10T16:00:00+00:00,MOD-00181,60,56.325,30.94,6.457,6.852,11.389,367.899,2.077,4.959,21.267
2024-08-10T12:00:00-04:00,2024-08-10T13:00:00-04:00,2024-08-10T16:00:00+00:00,2024-08-10T17:00:00+00:00,MOD-00181,60,46.457,32.712,8.965,9.356,14.27,368.644,3.912,7.223,26.828
2024-08-10T13:00:00-04:00,2024-08-10T14:00:00-04:00,2024-08-10T17:00:00+00:00,2024-08-10T18:00:00+00:00,MOD-00181,60,41.823,33.218,10.426,10.727,15.475,377.312,4.96,8.231,33.977
2024-08-10T14:00:00-04:00,2024-08-10T15:00:00-04:00,2024-08-10T18:00:00+00:00,2024-08-10T19:00:00+00:00,MOD-00181,60,40.932,33.2,10.916,11.241,16.82,402.61,3.387,18.347,38.449
2024-08-10T15:00:00-04:00,2024-08-10T16:00:00-04:00,2024-08-10T19:00:00+00:00,2024-08-10T20:00:00+00:00,MOD-00181,60,35.44,33.44,10.14,10.41,14.821,389.665,2.366,19.217,41.288
2024-08-10T16:00:00-04:00,2024-08-10T17:00:00-04:00,2024-08-10T20:00:00+00:00,2024-08-10T21:00:00+00:00,MOD-00181,60,34.06,33.057,8.304,8.557,12.857,392.331,2.253,25.198,42.157
2024-08-10T17:00:00-04:00,2024-08-10T18:00:00-04:00,2024-08-10T21:00:00+00:00,2024-08-10T22:00:00+00:00,MOD-00181,60,33.707,32.287,6.044,6.258,9.396,390.834,2.169,29.312,41.152
2024-08-10T18:00:00-04:00,2024-08-10T19:00:00-04:00,2024-08-10T22:00:00+00:00,2024-08-10T23:00:00+00:00,MOD-00181,60,34.855,31.407,5.011,5.202,10.162,399.01,2.235,33.242,39.214
2024-08-10T19:00:00-04:00,2024-08-10T20:00:00-04:00,2024-08-10T23:00:00+00:00,2024-08-11T00:00:00+00:00,MOD-00181,60,37.682,29.428,4.575,4.776,8.492,404.165,2.383,38.635,37.191
2024-08-10T20:00:00-04:00,2024-08-10T21:00:00-04:00,2024-08-11T00:00:00+00:00,2024-08-11T01:00:00+00:00,MOD-00181,60,43.305,27.117,5.365,5.566,9.501,417.155,4.078,43.371,35.141
2024-08-10T21:00:00-04:00,2024-08-10T22:00:00-04:00,2024-08-11T01:00:00+00:00,2024-08-11T02:00:00+00:00,MOD-00181,60,45.982,25.807,6.093,6.298,9.687,410.576,4.402,43.013,33.376
2024-08-10T22:00:00-04:00,2024-08-10T23:00:00-04:00,2024-08-11T02:00:00+00:00,2024-08-11T03:00:00+00:00,MOD-00181,60,49.275,24.932,7.363,7.6,11.882,438.197,2.837,43.869,29.815
2024-08-10T23:00:00-04:00,2024-08-11T00:00:00-04:00,2024-08-11T03:00:00+00:00,2024-08-11T04:00:00+00:00,MOD-00181,60,52.65,24.287,7.978,8.268,11.958,467.363,2.372,44.289,26.668
2024-08-11T00:00:00-04:00,2024-08-11T01:00:00-04:00,2024-08-11T04:00:00+00:00,2024-08-11T05:00:00+00:00,MOD-00181,60,55.21,23.873,7.472,7.748,12.663,428.646,2.353,42.675,25.522
2024-08-11T01:00:00-04:00,2024-08-11T02:00:00-04:00,2024-08-11T05:00:00+00:00,2024-08-11T06:00:00+00:00,MOD-00181,60,55.072,23.588,7.551,7.835,12.397,391.286,2.366,39.795,25.542
2024-08-11T02:00:00-04:00,2024-08-11T03:00:00-04:00,2024-08-11T06:00:00+00:00,2024-08-11T07:00:00+00:00,MOD-00181,60,55.41,23.072,7.298,7.591,12.147,366.213,2.368,39.466,23.957
2024-08-11T03:00:00-04:00,2024-08-11T04:00:00-04:00,2024-08-11T07:00:00+00:00,2024-08-11T08:00:00+00:00,MOD-00181,60,58.982,22.32,7.504,7.862,13.622,367.962,2.106,40.809,21.587
2024-08-11T04:00:00-04:00,2024-08-11T05:00:00-04:00,2024-08-11T08:00:00+00:00,2024-08-11T09:00:00+00:00,MOD-00181,60,61.888,21.567,7.411,7.781,12.574,381.403,2.369,41.758,18.93
2024-08-11T05:00:00-04:00,2024-08-11T06:00:00-04:00,2024-08-11T09:00:00+00:00,2024-08-11T10:00:00+00:00,MOD-00181,60,64.713,20.713,9.057,9.439,14.347,460.023,2.313,42.193,17.04
2024-08-11T06:00:00-04:00,2024-08-11T07:00:00-04:00,2024-08-11T10:00:00+00:00,2024-08-11T11:00:00+00:00,MOD-00181,60,66.335,20.198,7.551,7.941,13.933,379.162,2.021,41.259,16.554
2024-08-11T07:00:00-04:00,2024-08-11T08:00:00-04:00,2024-08-11T11:00:00+00:00,2024-08-11T12:00:00+00:00,MOD-00181,60,59.278,21.305,6.445,6.827,11.97,337.305,2.343,34.79,18.533
2024-08-11T08:00:00-04:00,2024-08-11T09:00:00-04:00,2024-08-11T12:00:00+00:00,2024-08-11T13:00:00+00:00,MOD-00181,60,48.91,24.038,5.969,6.222,10.422,311.343,3.57,27.943,21.766
2024-08-11T09:00:00-04:00,2024-08-11T10:00:00-04:00,2024-08-11T13:00:00+00:00,2024-08-11T14:00:00+00:00,MOD-00181,60,39.245,26.783,6.234,6.408,9.288,283.725,3.87,13.424,27.697
2024-08-11T10:00:00-04:00,2024-08-11T11:00:00-04:00,2024-08-11T14:00:00+00:00,2024-08-11T15:00:00+00:00,MOD-00181,60,35.967,28.25,6.239,6.43,8.516,284.468,2.922,16.949,32.015
2024-08-11T11:00:00-04:00,2024-08-11T12:00:00-04:00,2024-08-11T15:00:00+00:00,2024-08-11T16:00:00+00:00,MOD-00181,60,32.75,29.197,5.464,5.643,8.49,284.005,2.131,20.754,35.015
2024-08-11T12:00:00-04:00,2024-08-11T13:00:00-04:00,2024-08-11T16:00:00+00:00,2024-08-11T17:00:00+00:00,MOD-00181,60,32.327,29.752,5.474,5.632,8.055,298.177,2.069,29.055,38.466
2024-08-11T13:00:00-04:00,2024-08-11T14:00:00-04:00,2024-08-11T17:00:00+00:00,2024-08-11T18:00:00+00:00,MOD-00181,60,29.972,30.53,5.725,5.871,10.269,303.899,1.908,28.501,40.571
2024-08-11T14:00:00-04:00,2024-08-11T15:00:00-04:00,2024-08-11T18:00:00+00:00,2024-08-11T19:00:00+00:00,MOD-00181,60,28.032,31.032,5.737,5.859,8.394,304.901,2.096,29.051,41.896
2024-08-11T15:00:00-04:00,2024-08-11T16:00:00-04:00,2024-08-11T19:00:00+00:00,2024-08-11T20:00:00+00:00,MOD-00181,60,30.447,30.437,5.989,6.109,7.7,332.21,2.01,34.354,42.106
2024-08-11T16:00:00-04:00,2024-08-11T17:00:00-04:00,2024-08-11T20:00:00+00:00,2024-08-11T21:00:00+00:00,MOD-00181,60,30.925,30.878,6.297,6.427,9.356,347.132,1.969,34.26,41.185
2024-08-11T17:00:00-04:00,2024-08-11T18:00:00-04:00,2024-08-11T21:00:00+00:00,2024-08-11T22:00:00+00:00,MOD-00181,60,35.055,30.422,6.767,6.924,9.306,381.138,2.157,37.997,39.444
2024-08-11T18:00:00-04:00,2024-08-11T19:00:00-04:00,2024-08-11T22:00:00+00:00,2024-08-11T23:00:00+00:00,MOD-00181,60,37.013,30.137,7.632,7.801,12.154,392.754,2.239,38.372,38.427
2024-08-11T19:00:00-04:00,2024-08-11T20:00:00-04:00,2024-08-11T23:00:00+00:00,2024-08-12T00:00:00+00:00,MOD-00181,60,43.745,27.918,8.285,8.492,12.933,431.713,3.565,44.283,35.878
2024-08-11T20:00:00-04:00,2024-08-11T21:00:00-04:00,2024-08-12T00:00:00+00:00,2024-08-12T01:00:00+00:00,MOD-00181,60,49.863,26.238,8.551,8.793,12.273,440.641,3.065,46.163,32.665
2024-08-11T21:00:00-04:00,2024-08-11T22:00:00-04:00,2024-08-12T01:00:00+00:00,2024-08-12T02:00:00+00:00,MOD-00181,60,53.232,25.108,8.355,8.604,14.496,425.24,2.318,44.404,31.512
2024-08-11T22:00:00-04:00,2024-08-11T23:00:00-04:00,2024-08-12T02:00:00+00:00,2024-08-12T03:00:00+00:00,MOD-00181,60,55.335,24.11,8.38,8.67,13.464,401.925,2.322,42.999,30.806
2024-08-11T23:00:00-04:00,2024-08-12T00:00:00-04:00,2024-08-12T03:00:00+00:00,2024-08-12T04:00:00+00:00,MOD-00181,60,57.663,23.283,8.619,8.918,15.903,385.305,2.272,42.506,29.941
2024-08-12T00:00:00-04:00,2024-08-12T01:00:00-04:00,2024-08-12T04:00:00+00:00,2024-08-12T05:00:00+00:00,MOD-00181,60,61.055,22.443,7.325,7.582,13.035,371.522,2.23,42.015,26.156
2024-08-12T01:00:00-04:00,2024-08-12T02:00:00-04:00,2024-08-12T05:00:00+00:00,2024-08-12T06:00:00+00:00,MOD-00181,60,60.19,21.757,4.155,4.356,6.581,326.786,2.21,39.984,22.78
2024-08-12T02:00:00-04:00,2024-08-12T03:00:00-04:00,2024-08-12T06:00:00+00:00,2024-08-12T07:00:00+00:00,MOD-00181,60,61.787,20.937,3.287,3.454,6.325,315.12,2.352,40.405,21.282
2024-08-12T03:00:00-04:00,2024-08-12T04:00:00-04:00,2024-08-12T07:00:00+00:00,2024-08-12T08:00:00+00:00,MOD-00181,60,63.13,20.128,2.67,2.847,6.189,307.54,2.514,40.29,20.958
2024-08-12T04:00:00-04:00,2024-08-12T05:00:00-04:00,2024-08-12T08:00:00+00:00,2024-08-12T09:00:00+00:00,MOD-00181,60,64.987,19.435,2.532,2.721,5.938,303.324,2.345,41.003,20.687
2024-08-12T05:00:00-04:00,2024-08-12T06:00:00-04:00,2024-08-12T09:00:00+00:00,2024-08-12T10:00:00+00:00,MOD-00181,60,67.248,18.72,2.614,2.832,5.933,306.338,1.959,41.843,18.754
2024-08-12T06:00:00-04:00,2024-08-12T07:00:00-04:00,2024-08-12T10:00:00+00:00,2024-08-12T11:00:00+00:00,MOD-00181,60,68.665,18.413,2.568,2.779,6.185,311.487,1.975,41.481,18.203
2024-08-12T07:00:00-04:00,2024-08-12T08:00:00-04:00,2024-08-12T11:00:00+00:00,2024-08-12T12:00:00+00:00,MOD-00181,60,64.975,19.515,2.891,3.107,6.912,321.153,2.199,38.459,17.516
2024-08-12T08:00:00-04:00,2024-08-12T09:00:00-04:00,2024-08-12T12:00:00+00:00,2024-08-12T13:00:00+00:00,MOD-00181,60,56.678,21.687,3.049,3.271,9.723,293.73,2.344,31.682,18.35
2024-08-12T09:00:00-04:00,2024-08-12T10:00:00-04:00,2024-08-12T13:00:00+00:00,2024-08-12T14:00:00+00:00,MOD-00181,60,48.767,23.628,2.801,2.986,6.991,276.506,3.374,24.912,19.967
2024-08-12T10:00:00-04:00,2024-08-12T11:00:00-04:00,2024-08-12T14:00:00+00:00,2024-08-12T15:00:00+00:00,MOD-00181,60,43.422,25.355,2.875,3.015,6.261,265.047,4.474,28.798,23.155
2024-08-12T11:00:00-04:00,2024-08-12T12:00:00-04:00,2024-08-12T15:00:00+00:00,2024-08-12T16:00:00+00:00,MOD-00181,60,40.113,26.642,2.912,3.049,7.567,263.613,4.015,28.679,26.427
2024-08-12T12:00:00-04:00,2024-08-12T13:00:00-04:00,2024-08-12T16:00:00+00:00,2024-08-12T17:00:00+00:00,MOD-00181,60,38.132,27.545,3.101,3.246,6.016,272.105,3.107,30.174,27.746
2024-08-12T13:00:00-04:00,2024-08-12T14:00:00-04:00,2024-08-12T17:00:00+00:00,2024-08-12T18:00:00+00:00,MOD-00181,60,37.102,28.44,3.681,3.832,7.648,291.092,2.442,31.435,29.413
2024-08-12T14:00:00-04:00,2024-08-12T15:00:00-04:00,2024-08-12T18:00:00+00:00,2024-08-12T19:00:00+00:00,MOD-00181,60,37.45,28.032,3.849,4.017,7.466,317.457,2.51,34.789,30.531
2024-08-12T15:00:00-04:00,2024-08-12T16:00:00-04:00,2024-08-12T19:00:00+00:00,2024-08-12T20:00:00+00:00,MOD-00181,60,39.347,27.572,4.523,4.701,9.323,327.935,2.925,37.005,31.649
2024-08-12T16:00:00-04:00,2024-08-12T17:00:00-04:00,2024-08-12T20:00:00+00:00,2024-08-12T21:00:00+00:00,MOD-00181,60,39.407,27.785,4.88,5.062,10.277,327.042,2.819,35.834,32.807
2024-08-12T17:00:00-04:00,2024-08-12T18:00:00-04:00,2024-08-12T21:00:00+00:00,2024-08-12T22:00:00+00:00,MOD-00181,60,42.135,27.785,4.919,5.106,8.283,331.659,3.614,38.732,30.316
2024-08-12T18:00:00-04:00,2024-08-12T19:00:00-04:00,2024-08-12T22:00:00+00:00,2024-08-12T23:00:00+00:00,MOD-00181,60,45.538,26.27,4.768,4.946,7.897,354.679,4.881,40.587,28.547
2024-08-12T19:00:00-04:00,2024-08-12T20:00:00-04:00,2024-08-12T23:00:00+00:00,2024-08-13T00:00:00+00:00,MOD-00181,60,51.77,24.717,4.711,4.905,8.679,368.172,2.694,44.716,26.996
2024-08-12T20:00:00-04:00,2024-08-12T21:00:00-04:00,2024-08-13T00:00:00+00:00,2024-08-13T01:00:00+00:00,MOD-00181,60,51.838,23.573,3.778,3.907,5.91,349.368,2.39,41.598,24.515
2024-08-12T21:00:00-04:00,2024-08-12T22:00:00-04:00,2024-08-13T01:00:00+00:00,2024-08-13T02:00:00+00:00,MOD-00181,60,54.36,22.515,3.415,3.549,6.69,331.82,2.378,42.244,22.817
2024-08-12T22:00:00-04:00,2024-08-12T23:00:00-04:00,2024-08-13T02:00:00+00:00,2024-08-13T03:00:00+00:00,MOD-00181,60,59.028,21.62,3.381,3.511,5.908,331.699,2.123,43.373,20.603
2024-08-12T23:00:00-04:00,2024-08-13T00:00:00-04:00,2024-08-13T03:00:00+00:00,2024-08-13T04:00:00+00:00,MOD-00181,60,63.225,20.827,3.404,3.575,6.672,330.134,2.444,43.507,17.67
2024-08-13T00:00:00-04:00,2024-08-13T01:00:00-04:00,2024-08-13T04:00:00+00:00,2024-08-13T05:00:00+00:00,MOD-00181,60,66.07,20.138,3.252,3.479,5.811,320.891,2.064,43.188,14.553
2024-08-13T01:00:00-04:00,2024-08-13T02:00:00-04:00,2024-08-13T05:00:00+00:00,2024-08-13T06:00:00+00:00,MOD-00181,60,68.465,19.54,3.011,3.19,5.244,306.701,1.8,42.033,12.693
2024-08-13T02:00:00-04:00,2024-08-13T03:00:00-04:00,2024-08-13T06:00:00+00:00,2024-08-13T07:00:00+00:00,MOD-00181,60,70.012,19.045,2.816,3.02,5.24,294.053,1.767,41.163,11.076
2024-08-13T03:00:00-04:00,2024-08-13T04:00:00-04:00,2024-08-13T07:00:00+00:00,2024-08-13T08:00:00+00:00,MOD-00181,60,69.958,18.843,2.849,3.061,6.76,290.507,1.797,39.895,10.311
2024-08-13T04:00:00-04:00,2024-08-13T05:00:00-04:00,2024-08-13T08:00:00+00:00,2024-08-13T09:00:00+00:00,MOD-00181,60,70.208,18.758,2.927,3.148,6.383,289.259,1.8,39.515,9.768
2024-08-13T05:00:00-04:00,2024-08-13T06:00:00-04:00,2024-08-13T09:00:00+00:00,2024-08-13T10:00:00+00:00,MOD-00181,60,70.73,18.5,3.11,3.327,6.922,303.409,1.827,39.723,8.464
2024-08-13T06:00:00-04:00,2024-08-13T07:00:00-04:00,2024-08-13T10:00:00+00:00,2024-08-13T11:00:00+00:00,MOD-00181,60,71.792,18.318,3.04,3.299,7.288,324.866,1.895,40.159,7.348
2024-08-13T07:00:00-04:00,2024-08-13T08:00:00-04:00,2024-08-13T11:00:00+00:00,2024-08-13T12:00:00+00:00,MOD-00181,60,67.9,19.407,3.048,3.322,6.584,309.627,2.029,37.224,7.676
2024-08-13T08:00:00-04:00,2024-08-13T09:00:00-04:00,2024-08-13T12:00:00+00:00,2024-08-13T13:00:00+00:00,MOD-00181,60,60.21,21.678,3.37,3.644,8.669,293.128,2.358,25.394,8.658
2024-08-13T09:00:00-04:00,2024-08-13T10:00:00-04:00,2024-08-13T13:00:00+00:00,2024-08-13T14:00:00+00:00,MOD-00181,60,52.495,24.147,3.729,3.956,8.431,292.371,2.742,27.457,12.519
2024-08-13T10:00:00-04:00,2024-08-13T11:00:00-04:00,2024-08-13T14:00:00+00:00,2024-08-13T15:00:00+00:00,MOD-00181,60,46.187,26.085,3.88,4.091,7.442,283.603,4.697,27.717,17.467
2024-08-13T11:00:00-04:00,2024-08-13T12:00:00-04:00,2024-08-13T15:00:00+00:00,2024-08-13T16:00:00+00:00,MOD-00181,60,41.752,27.378,3.868,4.053,7.848,270.573,3.682,27.128,22.381
2024-08-13T12:00:00-04:00,2024-08-13T13:00:00-04:00,2024-08-13T16:00:00+00:00,2024-08-13T17:00:00+00:00,MOD-00181,60,37.572,28.678,3.784,3.948,6.91,264.032,2.58,26.359,26.42
2024-08-13T13:00:00-04:00,2024-08-13T14:00:00-04:00,2024-08-13T17:00:00+00:00,2024-08-13T18:00:00+00:00,MOD-00181,60,36.487,29.212,3.537,3.676,7.064,273.834,2.415,29.654,27.294
2024-08-13T14:00:00-04:00,2024-08-13T15:00:00-04:00,2024-08-13T18:00:00+00:00,2024-08-13T19:00:00+00:00,MOD-00181,60,35.928,29.528,3.555,3.696,5.859,285.136,2.295,31.615,27.969
2024-08-13T15:00:00-04:00,2024-08-13T16:00:00-04:00,2024-08-13T19:00:00+00:00,2024-08-13T20:00:00+00:00,MOD-00181,60,35.767,30.183,4.29,4.45,8.699,304.164,2.231,32.199,28.832
2024-08-13T16:00:00-04:00,2024-08-13T17:00:00-04:00,2024-08-13T20:00:00+00:00,2024-08-13T21:00:00+00:00,MOD-00181,60,35.978,30.348,7.787,7.989,11.922,321.878,2.216,33.568,29.444
2024-08-13T17:00:00-04:00,2024-08-13T18:00:00-04:00,2024-08-13T21:00:00+00:00,2024-08-13T22:00:00+00:00,MOD-00181,60,37.947,29.723,15.554,15.85,19.286,366.357,2.233,36.495,29.454
2024-08-13T18:00:00-04:00,2024-08-13T19:00:00-04:00,2024-08-13T22:00:00+00:00,2024-08-13T23:00:00+00:00,MOD-00181,60,40.258,29.195,23.061,23.422,27.483,412.661,2.357,38.349,29.241
2024-08-13T19:00:00-04:00,2024-08-13T20:00:00-04:00,2024-08-13T23:00:00+00:00,2024-08-14T00:00:00+00:00,MOD-00181,60,43.807,27.58,30.337,30.755,34.476,466.956,3.802,41.757,28.166
2024-08-13T20:00:00-04:00,2024-08-13T21:00:00-04:00,2024-08-14T00:00:00+00:00,2024-08-14T01:00:00+00:00,MOD-00181,60,49.192,25.937,30.138,30.576,35.977,524.789,3.326,45.786,23.912
2024-08-13T21:00:00-04:00,2024-08-13T22:00:00-04:00,2024-08-14T01:00:00+00:00,2024-08-14T02:00:00+00:00,MOD-00181,60,54.555,24.618,30.901,31.407,36.151,651.323,2.327,50.541,15.735
2024-08-13T22:00:00-04:00,2024-08-13T23:00:00-04:00,2024-08-14T02:00:00+00:00,2024-08-14T03:00:00+00:00,MOD-00181,60,59.233,23.515,28.491,28.928,32.856,623.035,2.172,49.436,13.351
2024-08-13T23:00:00-04:00,2024-08-14T00:00:00-04:00,2024-08-14T03:00:00+00:00,2024-08-14T04:00:00+00:00,MOD-00181,60,62.257,22.617,26.508,26.913,31.531,568.228,2.319,47.744,10.694
2024-08-14T00:00:00-04:00,2024-08-14T01:00:00-04:00,2024-08-14T04:00:00+00:00,2024-08-14T05:00:00+00:00,MOD-00181,60,66.292,21.862,25.595,25.974,29.347,572.443,1.774,47.173,8.649
2024-08-14T01:00:00-04:00,2024-08-14T02:00:00-04:00,2024-08-14T05:00:00+00:00,2024-08-14T06:00:00+00:00,MOD-00181,60,66.677,21.322,22.884,23.253,27.605,472.442,1.732,42.708,8.772
2024-08-14T02:00:00-04:00,2024-08-14T03:00:00-04:00,2024-08-14T06:00:00+00:00,2024-08-14T07:00:00+00:00,MOD-00181,60,66.428,20.932,20.967,21.369,24.813,419.392,1.715,40.515,9.309
2024-08-14T03:00:00-04:00,2024-08-14T04:00:00-04:00,2024-08-14T07:00:00+00:00,2024-08-14T08:00:00+00:00,MOD-00181,60,68.393,20.332,19.693,20.076,23.605,381.895,1.743,40.898,8.147
2024-08-14T04:00:00-04:00,2024-08-14T05:00:00-04:00,2024-08-14T08:00:00+00:00,2024-08-14T09:00:00+00:00,MOD-00181,60,70.77,19.718,18.74,19.168,22.961,382.077,1.873,41.788,6.407
2024-08-14T05:00:00-04:00,2024-08-14T06:00:00-04:00,2024-08-14T09:00:00+00:00,2024-08-14T10:00:00+00:00,MOD-00181,60,72.188,19.263,18.314,18.752,22.461,410.449,1.964,41.143,6.141
2024-08-14T06:00:00-04:00,2024-08-14T07:00:00-04:00,2024-08-14T10:00:00+00:00,2024-08-14T11:00:00+00:00,MOD-00181,60,72.943,19.273,18.043,18.499,22.422,394.913,1.95,42.02,4.252
2024-08-14T07:00:00-04:00,2024-08-14T08:00:00-04:00,2024-08-14T11:00:00+00:00,2024-08-14T12:00:00+00:00,MOD-00181,60,69.662,20.54,17.948,18.457,25.379,397.66,1.83,33.719,5.402
2024-08-14T08:00:00-04:00,2024-08-14T09:00:00-04:00,2024-08-14T12:00:00+00:00,2024-08-14T13:00:00+00:00,MOD-00181,60,60.128,23.385,17.796,18.375,29.6,404.162,2.316,30.984,7.868
2024-08-14T09:00:00-04:00,2024-08-14T10:00:00-04:00,2024-08-14T13:00:00+00:00,2024-08-14T14:00:00+00:00,MOD-00181,60,51.445,26.258,17.701,18.174,28.033,360.112,2.784,28.722,12.706
2024-08-14T10:00:00-04:00,2024-08-14T11:00:00-04:00,2024-08-14T14:00:00+00:00,2024-08-14T15:00:00+00:00,MOD-00181,60,43.992,29.098,18.315,18.791,26.056,340.167,3.66,22.519,20.55
2024-08-14T11:00:00-04:00,2024-08-14T12:00:00-04:00,2024-08-14T15:00:00+00:00,2024-08-14T16:00:00+00:00,MOD-00181,60,40.752,30.235,18.764,19.229,28.099,328.3,2.23,25.457,28.674
2024-08-14T12:00:00-04:00,2024-08-14T13:00:00-04:00,2024-08-14T16:00:00+00:00,2024-08-14T17:00:00+00:00,MOD-00181,60,37.51,31.315,20.145,20.593,27.116,341.819,2.323,26.098,33.034
2024-08-14T13:00:00-04:00,2024-08-14T14:00:00-04:00,2024-08-14T17:00:00+00:00,2024-08-14T18:00:00+00:00,MOD-00181,60,32.178,32.448,25.391,25.846,30.718,323.628,2.263,23.803,34.537
2024-08-14T14:00:00-04:00,2024-08-14T15:00:00-04:00,2024-08-14T18:00:00+00:00,2024-08-14T19:00:00+00:00,MOD-00181,60,32.173,32.91,25.104,25.639,34.284,376.785,2.27,30.373,38.354
2024-08-14T15:00:00-04:00,2024-08-14T16:00:00-04:00,2024-08-14T19:00:00+00:00,2024-08-14T20:00:00+00:00,MOD-00181,60,36.202,32.685,22.595,23.163,32.827,460.928,2.245,37.898,38.318
2024-08-14T16:00:00-04:00,2024-08-14T17:00:00-04:00,2024-08-14T20:00:00+00:00,2024-08-14T21:00:00+00:00,MOD-00181,60,40.427,31.328,22.132,22.66,31.665,470.543,2.465,42.315,33.58
2024-08-14T17:00:00-04:00,2024-08-14T18:00:00-04:00,2024-08-14T21:00:00+00:00,2024-08-14T22:00:00+00:00,MOD-00181,60,44.432,29.013,21.736,22.295,32.236,469.353,3.548,45.653,29.48
2024-08-14T18:00:00-04:00,2024-08-14T19:00:00-04:00,2024-08-14T22:00:00+00:00,2024-08-14T23:00:00+00:00,MOD-00181,60,50.72,27.475,21.99,22.607,34.024,505.584,2.817,49.616,25.61
2024-08-14T19:00:00-04:00,2024-08-14T20:00:00-04:00,2024-08-14T23:00:00+00:00,2024-08-15T00:00:00+00:00,MOD-00181,60,52.5,25.613,21.957,22.52,31.565,535.425,2.38,52.618,17.146
2024-08-14T20:00:00-04:00,2024-08-14T21:00:00-04:00,2024-08-15T00:00:00+00:00,2024-08-15T01:00:00+00:00,MOD-00181,60,53.838,24.053,22.688,23.337,32.557,526.359,2.358,49.373,15.932
2024-08-14T21:00:00-04:00,2024-08-14T22:00:00-04:00,2024-08-15T01:00:00+00:00,2024-08-15T02:00:00+00:00,MOD-00181,60,57.4,23.342,22.456,23.085,31.636,668.703,2.334,51.497,10.854
2024-08-14T22:00:00-04:00,2024-08-14T23:00:00-04:00,2024-08-15T02:00:00+00:00,2024-08-15T03:00:00+00:00,MOD-00181,60,60.992,22.853,22.828,23.409,29.877,675.806,2.211,51.339,9.817
2024-08-14T23:00:00-04:00,2024-08-15T00:00:00-04:00,2024-08-15T03:00:00+00:00,2024-08-15T04:00:00+00:00,MOD-00181,60,64.333,22.582,21.612,22.127,29.344,535.914,1.95,47.292,13.112
2024-08-15T00:00:00-04:00,2024-08-15T01:00:00-04:00,2024-08-15T04:00:00+00:00,2024-08-15T05:00:00+00:00,MOD-00181,60,67.045,22.102,21.241,21.777,28.649,619.41,1.735,43.135,7.637
2024-08-15T01:00:00-04:00,2024-08-15T02:00:00-04:00,2024-08-15T05:00:00+00:00,2024-08-15T06:00:00+00:00,MOD-00181,60,70.492,21.538,20.712,21.211,27.752,595.302,1.736,7.405,6.661
2024-08-15T02:00:00-04:00,2024-08-15T03:00:00-04:00,2024-08-15T06:00:00+00:00,2024-08-15T07:00:00+00:00,MOD-00181,60,72.143,21.083,20.4,20.886,27.4,524.385,1.908,7.405,6.951
2024-08-15T03:00:00-04:00,2024-08-15T04:00:00-04:00,2024-08-15T07:00:00+00:00,2024-08-15T08:00:00+00:00,MOD-00181,60,74.102,20.748,20.416,20.908,28.597,462.65,1.885,18.925,6.768
2024-08-15T04:00:00-04:00,2024-08-15T05:00:00-04:00,2024-08-15T08:00:00+00:00,2024-08-15T09:00:00+00:00,MOD-00181,60,75.81,20.642,20.665,21.147,30.083,469.902,1.905,44.416,3.936
2024-08-15T05:00:00-04:00,2024-08-15T06:00:00-04:00,2024-08-15T09:00:00+00:00,2024-08-15T10:00:00+00:00,MOD-00181,60,75.812,20.623,20.214,20.749,28.78,554.808,1.909,44.583,0.271
2024-08-15T06:00:00-04:00,2024-08-15T07:00:00-04:00,2024-08-15T10:00:00+00:00,2024-08-15T11:00:00+00:00,MOD-00181,60,77.325,20.48,21.61,22.16,29.618,598.146,1.822,44.049,0.721
2024-08-15T07:00:00-04:00,2024-08-15T08:00:00-04:00,2024-08-15T11:00:00+00:00,2024-08-15T12:00:00+00:00,MOD-00181,60,74.425,21.315,22.231,22.758,31.073,479.521,1.874,24.341,2.891
2024-08-15T08:00:00-04:00,2024-08-15T09:00:00-04:00,2024-08-15T12:00:00+00:00,2024-08-15T13:00:00+00:00,MOD-00181,60,65.853,23.277,22.629,23.223,34.054,463.417,1.74,24.836,3.675
2024-08-15T09:00:00-04:00,2024-08-15T10:00:00-04:00,2024-08-15T13:00:00+00:00,2024-08-15T14:00:00+00:00,MOD-00181,60,54.378,26.122,18.986,19.43,28.107,383.012,2.316,25.185,8.985
2024-08-15T10:00:00-04:00,2024-08-15T11:00:00-04:00,2024-08-15T14:00:00+00:00,2024-08-15T15:00:00+00:00,MOD-00181,60,47.393,28.253,17.53,17.92,23.929,338.98,3.56,23.776,17.683
2024-08-15T11:00:00-04:00,2024-08-15T12:00:00-04:00,2024-08-15T15:00:00+00:00,2024-08-15T16:00:00+00:00,MOD-00181,60,42.175,30.417,17.413,17.886,26.884,326.945,2.769,19.41,25.515
2024-08-15T12:00:00-04:00,2024-08-15T13:00:00-04:00,2024-08-15T16:00:00+00:00,2024-08-15T17:00:00+00:00,MOD-00181,60,39.472,31.763,18.519,18.896,23.833,321.356,2.391,22.639,31.57
2024-08-15T13:00:00-04:00,2024-08-15T14:00:00-04:00,2024-08-15T17:00:00+00:00,2024-08-15T18:00:00+00:00,MOD-00181,60,38.898,32.625,20.471,20.92,30.999,397.071,2.504,29.862,33.53
2024-08-15T14:00:00-04:00,2024-08-15T15:00:00-04:00,2024-08-15T18:00:00+00:00,2024-08-15T19:00:00+00:00,MOD-00181,60,37.715,33.673,22.758,23.298,32.921,451.779,2.484,31.315,38.765
2024-08-15T15:00:00-04:00,2024-08-15T16:00:00-04:00,2024-08-15T19:00:00+00:00,2024-08-15T20:00:00+00:00,MOD-00181,60,52.028,29.353,24.928,25.816,43.553,521.283,2.431,46.262,44.224
2024-08-15T16:00:00-04:00,2024-08-15T17:00:00-04:00,2024-08-15T20:00:00+00:00,2024-08-15T21:00:00+00:00,MOD-00181,60,72.693,23.277,15.088,15.718,25.15,469.835,1.785,30.986,29.684
2024-08-15T17:00:00-04:00,2024-08-15T18:00:00-04:00,2024-08-15T21:00:00+00:00,2024-08-15T22:00:00+00:00,MOD-00181,60,81.837,20.94,15.581,16.148,24.148,540.034,1.638,55.929,23.667
2024-08-15T18:00:00-04:00,2024-08-15T19:00:00-04:00,2024-08-15T22:00:00+00:00,2024-08-15T23:00:00+00:00,MOD-00181,60,78.943,21.777,13.894,14.37,20.393,527.94,1.757,46.491,19.452
2024-08-15T19:00:00-04:00,2024-08-15T20:00:00-04:00,2024-08-15T23:00:00+00:00,2024-08-16T00:00:00+00:00,MOD-00181,60,79.238,21.625,15.183,15.825,24.626,600.753,1.74,44.815,15.075
2024-08-15T20:00:00-04:00,2024-08-15T21:00:00-04:00,2024-08-16T00:00:00+00:00,2024-08-16T01:00:00+00:00,MOD-00181,60,80.898,21.148,14.194,14.821,23.368,639.906,1.603,44.043,11.866
2024-08-15T21:00:00-04:00,2024-08-15T22:00:00-04:00,2024-08-16T01:00:00+00:00,2024-08-16T02:00:00+00:00,MOD-00181,60,82.393,20.667,13.291,13.776,20.022,558.247,1.528,42.473,10.07
2024-08-15T22:00:00-04:00,2024-08-15T23:00:00-04:00,2024-08-16T02:00:00+00:00,2024-08-16T03:00:00+00:00,MOD-00181,60,80.695,20.512,13.084,13.583,18.439,514.397,1.63,39.742,10.133
2024-08-15T23:00:00-04:00,2024-08-16T00:00:00-04:00,2024-08-16T03:00:00+00:00,2024-08-16T04:00:00+00:00,MOD-00181,60,81.033,20.168,13.343,13.956,22.62,487.555,1.667,40.524,11.087
2024-08-16T00:00:00-04:00,2024-08-16T01:00:00-04:00,2024-08-16T04:00:00+00:00,2024-08-16T05:00:00+00:00,MOD-00181,60,81.28,20.22,14.303,14.903,22.63,462.531,1.654,40.3,10.192
2024-08-16T01:00:00-04:00,2024-08-16T02:00:00-04:00,2024-08-16T05:00:00+00:00,2024-08-16T06:00:00+00:00,MOD-00181,60,82.367,20.058,14.19,15.04,23.103,466.107,1.688,40.926,5.594
2024-08-16T02:00:00-04:00,2024-08-16T03:00:00-04:00,2024-08-16T06:00:00+00:00,2024-08-16T07:00:00+00:00,MOD-00181,60,83.575,19.97,15.336,16.858,33.005,403.79,1.791,39.318,7.299
2024-08-16T03:00:00-04:00,2024-08-16T04:00:00-04:00,2024-08-16T07:00:00+00:00,2024-08-16T08:00:00+00:00,MOD-00181,60,83.015,19.96,14.603,16.527,36.561,369.407,1.668,38.152,10.292
2024-08-16T04:00:00-04:00,2024-08-16T05:00:00-04:00,2024-08-16T08:00:00+00:00,2024-08-16T09:00:00+00:00,MOD-00181,60,82.355,19.798,14.295,15.599,28.908,355.702,1.692,37.521,14.208
2024-08-16T05:00:00-04:00,2024-08-16T06:00:00-04:00,2024-08-16T09:00:00+00:00,2024-08-16T10:00:00+00:00,MOD-00181,60,81.547,19.772,15.558,16.482,23.295,356.993,1.749,37.706,16.958
2024-08-16T06:00:00-04:00,2024-08-16T07:00:00-04:00,2024-08-16T10:00:00+00:00,2024-08-16T11:00:00+00:00,MOD-00181,60,81.73,19.852,16.259,17.279,25.662,378.152,1.737,38.482,13.691
2024-08-16T07:00:00-04:00,2024-08-16T08:00:00-04:00,2024-08-16T11:00:00+00:00,2024-08-16T12:00:00+00:00,MOD-00181,60,80.892,20.217,17.449,18.495,27.297,395.617,1.68,38.651,10.361
2024-08-16T08:00:00-04:00,2024-08-16T09:00:00-04:00,2024-08-16T12:00:00+00:00,2024-08-16T13:00:00+00:00,MOD-00181,60,78.872,20.807,18.068,18.99,30.648,390.114,1.678,37.468,11.234
2024-08-16T09:00:00-04:00,2024-08-16T10:00:00-04:00,2024-08-16T13:00:00+00:00,2024-08-16T14:00:00+00:00,MOD-00181,60,73.6,21.98,20.119,20.922,28.928,400.926,1.851,14.629,13.785
2024-08-16T10:00:00-04:00,2024-08-16T11:00:00-04:00,2024-08-16T14:00:00+00:00,2024-08-16T15:00:00+00:00,MOD-00181,60,63.847,24.247,22.749,23.405,28.101,393.332,1.719,26.366,17.699
2024-08-16T11:00:00-04:00,2024-08-16T12:00:00-04:00,2024-08-16T15:00:00+00:00,2024-08-16T16:00:00+00:00,MOD-00181,60,56.675,26.267,25.115,25.823,31.792,398.026,2.089,29.066,20.025
2024-08-16T12:00:00-04:00,2024-08-16T13:00:00-04:00,2024-08-16T16:00:00+00:00,2024-08-16T17:00:00+00:00,MOD-00181,60,54.41,27.628,24.779,25.526,34.599,430.983,2.226,27.793,20.735
2024-08-16T13:00:00-04:00,2024-08-16T14:00:00-04:00,2024-08-16T17:00:00+00:00,2024-08-16T18:00:00+00:00,MOD-00181,58,49.252,28.845,25.022,25.659,30.3,,,,
2024-08-16T14:00:00-04:00,2024-08-16T15:00:00-04:00,2024-08-16T18:00:00+00:00,2024-08-16T19:00:00+00:00,MOD-00181,60,47.733,29.333,25.286,25.84,30.885,,,,
2024-08-16T15:00:00-04:00,2024-08-16T16:00:00-04:00,2024-08-16T19:00:00+00:00,2024-08-16T20:00:00+00:00,MOD-00181,60,49.173,28.673,23.915,24.467,29.371,417.049,2.445,35.716,29.099
2024-08-16T16:00:00-04:00,2024-08-16T17:00:00-04:00,2024-08-16T20:00:00+00:00,2024-08-16T21:00:00+00:00,MOD-00181,60,52.225,27.803,22.93,23.496,29.561,432.942,2.653,40.447,27.144
2024-08-16T17:00:00-04:00,2024-08-16T18:00:00-04:00,2024-08-16T21:00:00+00:00,2024-08-16T22:00:00+00:00,MOD-00181,60,56.342,26.707,22.484,23.036,29.263,450.722,2.27,40.877,25.708
2024-08-16T18:00:00-04:00,2024-08-16T19:00:00-04:00,2024-08-16T22:00:00+00:00,2024-08-16T23:00:00+00:00,MOD-00181,60,59.473,25.172,22.419,22.943,26.662,463.063,1.957,45.629,24.233
2024-08-16T19:00:00-04:00,2024-08-16T20:00:00-04:00,2024-08-16T23:00:00+00:00,2024-08-17T00:00:00+00:00,MOD-00181,60,66.93,23.253,21.74,22.344,28.416,455.053,1.762,25.801,22.195
2024-08-16T20:00:00-04:00,2024-08-16T21:00:00-04:00,2024-08-17T00:00:00+00:00,2024-08-17T01:00:00+00:00,MOD-00181,60,72.853,21.843,20.626,21.36,30.374,478.656,1.865,7.485,22.525
2024-08-16T21:00:00-04:00,2024-08-16T22:00:00-04:00,2024-08-17T01:00:00+00:00,2024-08-17T02:00:00+00:00,MOD-00181,60,76.25,21.315,19.574,20.402,28.935,449.934,1.864,33.911,21.893
2024-08-16T22:00:00-04:00,2024-08-16T23:00:00-04:00,2024-08-17T02:00:00+00:00,2024-08-17T03:00:00+00:00,MOD-00181,60,76.685,21.105,19.169,19.866,27.868,403.928,1.842,42.91,21.332
2024-08-16T23:00:00-04:00,2024-08-17T00:00:00-04:00,2024-08-17T03:00:00+00:00,2024-08-17T04:00:00+00:00,MOD-00181,60,77.587,21.107,18.858,19.498,24.771,396.769,1.789,41.277,19.678
2024-08-17T00:00:00-04:00,2024-08-17T01:00:00-04:00,2024-08-17T04:00:00+00:00,2024-08-17T05:00:00+00:00,MOD-00181,60,77.7,20.84,18.978,19.582,24.412,398.166,1.824,40.689,17.57
2024-08-17T01:00:00-04:00,2024-08-17T02:00:00-04:00,2024-08-17T05:00:00+00:00,2024-08-17T06:00:00+00:00,MOD-00181,60,77.718,20.505,18.943,19.494,25.219,398.045,1.894,40.091,17.067
2024-08-17T02:00:00-04:00,2024-08-17T03:00:00-04:00,2024-08-17T06:00:00+00:00,2024-08-17T07:00:00+00:00,MOD-00181,60,77.365,20.365,18.891,19.357,22.63,401.531,1.951,39.535,14.857
2024-08-17T03:00:00-04:00,2024-08-17T04:00:00-04:00,2024-08-17T07:00:00+00:00,2024-08-17T08:00:00+00:00,MOD-00181,60,75.867,20.547,19.541,19.983,22.626,377.128,1.901,37.886,17.402
2024-08-17T04:00:00-04:00,2024-08-17T05:00:00-04:00,2024-08-17T08:00:00+00:00,2024-08-17T09:00:00+00:00,MOD-00181,60,77.488,20.098,18.159,18.593,22.807,353.53,1.852,39.167,16.818
2024-08-17T05:00:00-04:00,2024-08-17T06:00:00-04:00,2024-08-17T09:00:00+00:00,2024-08-17T10:00:00+00:00,MOD-00181,60,78.652,19.998,17.282,17.742,21.675,348.806,1.745,39.147,16.189
2024-08-17T06:00:00-04:00,2024-08-17T07:00:00-04:00,2024-08-17T10:00:00+00:00,2024-08-17T11:00:00+00:00,MOD-00181,60,78.783,20.128,17.455,17.944,21.495,380.858,1.682,40.205,12.939
2024-08-17T07:00:00-04:00,2024-08-17T08:00:00-04:00,2024-08-17T11:00:00+00:00,2024-08-17T12:00:00+00:00,MOD-00181,60,78.238,20.512,18.709,19.31,25.576,413.097,1.768,40.962,10.469
2024-08-17T08:00:00-04:00,2024-08-17T09:00:00-04:00,2024-08-17T12:00:00+00:00,2024-08-17T13:00:00+00:00,MOD-00181,60,77.295,20.725,19.831,20.538,27.72,415.421,1.833,39.478,10.711
2024-08-17T09:00:00-04:00,2024-08-17T10:00:00-04:00,2024-08-17T13:00:00+00:00,2024-08-17T14:00:00+00:00,MOD-00181,60,73.877,21.593,21.029,21.737,29.464,413.408,1.855,13.866,11.713
2024-08-17T10:00:00-04:00,2024-08-17T11:00:00-04:00,2024-08-17T14:00:00+00:00,2024-08-17T15:00:00+00:00,MOD-00181,60,70.248,22.458,22.382,23.133,30.428,437.04,1.862,8.865,14.468
2024-08-17T11:00:00-04:00,2024-08-17T12:00:00-04:00,2024-08-17T15:00:00+00:00,2024-08-17T16:00:00+00:00,MOD-00181,60,60.805,24.893,23.802,24.497,31.805,433.149,1.839,31.347,17.94
2024-08-17T12:00:00-04:00,2024-08-17T13:00:00-04:00,2024-08-17T16:00:00+00:00,2024-08-17T17:00:00+00:00,MOD-00181,60,51.928,27.308,24.505,25.051,32.546,412.545,2.55,23.545,22.928
2024-08-17T13:00:00-04:00,2024-08-17T14:00:00-04:00,2024-08-17T17:00:00+00:00,2024-08-17T18:00:00+00:00,MOD-00181,60,47.91,28.495,24.343,24.804,29.743,393.999,2.758,27.964,27.976
2024-08-17T14:00:00-04:00,2024-08-17T15:00:00-04:00,2024-08-17T18:00:00+00:00,2024-08-17T19:00:00+00:00,MOD-00181,60,46.628,29.163,24.179,24.615,29.687,410.545,3.475,30.948,30.646
2024-08-17T15:00:00-04:00,2024-08-17T16:00:00-04:00,2024-08-17T19:00:00+00:00,2024-08-17T20:00:00+00:00,MOD-00181,60,46.887,29.13,22.334,22.78,28.659,414.547,2.982,33.848,31.366
2024-08-17T16:00:00-04:00,2024-08-17T17:00:00-04:00,2024-08-17T20:00:00+00:00,2024-08-17T21:00:00+00:00,MOD-00181,60,50.65,27.897,20.499,20.918,25.804,391.824,2.706,39.406,30.403
2024-08-17T17:00:00-04:00,2024-08-17T18:00:00-04:00,2024-08-17T21:00:00+00:00,2024-08-17T22:00:00+00:00,MOD-00181,60,58.047,25.977,17.384,17.921,26.217,403.232,2.114,44.933,27.923
2024-08-17T18:00:00-04:00,2024-08-17T19:00:00-04:00,2024-08-17T22:00:00+00:00,2024-08-17T23:00:00+00:00,MOD-00181,60,62.428,24.8,18.633,19.333,30.581,423.864,1.733,46.223,23.235
2024-08-17T19:00:00-04:00,2024-08-17T20:00:00-04:00,2024-08-17T23:00:00+00:00,2024-08-18T00:00:00+00:00,MOD-00181,60,69.433,23.005,19.415,20.187,35.883,446.433,1.833,10.582,20.553
2024-08-17T20:00:00-04:00,2024-08-17T21:00:00-04:00,2024-08-18T00:00:00+00:00,2024-08-18T01:00:00+00:00,MOD-00181,60,75.658,21.753,17.557,18.292,32.694,470.662,1.842,17.301,18.78
2024-08-17T21:00:00-04:00,2024-08-17T22:00:00-04:00,2024-08-18T01:00:00+00:00,2024-08-18T02:00:00+00:00,MOD-00181,60,77.802,21.343,17.18,17.854,31.325,489.955,1.773,46.705,13.945
2024-08-17T22:00:00-04:00,2024-08-17T23:00:00-04:00,2024-08-18T02:00:00+00:00,2024-08-18T03:00:00+00:00,MOD-00181,60,77.627,21.442,16.957,17.369,24.574,432.584,1.784,42.291,15.244
2024-08-17T23:00:00-04:00,2024-08-18T00:00:00-04:00,2024-08-18T03:00:00+00:00,2024-08-18T04:00:00+00:00,MOD-00181,60,75.822,21.452,16.683,17.005,22.507,383.268,1.861,37.636,18.269
2024-08-18T00:00:00-04:00,2024-08-18T01:00:00-04:00,2024-08-18T04:00:00+00:00,2024-08-18T05:00:00+00:00,MOD-00181,60,75.148,21.165,17.359,17.637,21.593,375.883,1.874,38.545,18.03
2024-08-18T01:00:00-04:00,2024-08-18T02:00:00-04:00,2024-08-18T05:00:00+00:00,2024-08-18T06:00:00+00:00,MOD-00181,60,73.952,20.933,18.557,18.835,20.831,353.59,1.882,37.163,20.603
2024-08-18T02:00:00-04:00,2024-08-18T03:00:00-04:00,2024-08-18T06:00:00+00:00,2024-08-18T07:00:00+00:00,MOD-00181,60,73.57,20.9,18.894,19.199,21.363,347.62,1.887,37.7,22.233
2024-08-18T03:00:00-04:00,2024-08-18T04:00:00-04:00,2024-08-18T07:00:00+00:00,2024-08-18T08:00:00+00:00,MOD-00181,60,74.155,20.948,18.464,18.816,23.143,358.183,1.866,36.547,20.879
2024-08-18T04:00:00-04:00,2024-08-18T05:00:00-04:00,2024-08-18T08:00:00+00:00,2024-08-18T09:00:00+00:00,MOD-00181,60,75.462,20.968,17.747,18.178,21.554,347.897,1.887,37.088,19.78
2024-08-18T05:00:00-04:00,2024-08-18T06:00:00-04:00,2024-08-18T09:00:00+00:00,2024-08-18T10:00:00+00:00,MOD-00181,60,77.473,20.903,17.839,18.415,23.988,344.359,1.818,39.428,19.65
2024-08-18T06:00:00-04:00,2024-08-18T07:00:00-04:00,2024-08-18T10:00:00+00:00,2024-08-18T11:00:00+00:00,MOD-00181,60,78.94,20.91,17.635,18.275,21.574,346.746,1.733,39.596,17.026
2024-08-18T07:00:00-04:00,2024-08-18T08:00:00-04:00,2024-08-18T11:00:00+00:00,2024-08-18T12:00:00+00:00,MOD-00181,60,82.09,20.765,16.093,17.146,21.118,359.397,1.568,40.938,14.625
2024-08-18T08:00:00-04:00,2024-08-18T09:00:00-04:00,2024-08-18T12:00:00+00:00,2024-08-18T13:00:00+00:00,MOD-00181,60,83.073,20.682,15.812,17.032,23.502,392.428,1.643,42.355,13.406
2024-08-18T09:00:00-04:00,2024-08-18T10:00:00-04:00,2024-08-18T13:00:00+00:00,2024-08-18T14:00:00+00:00,MOD-00181,60,82.448,20.888,15.942,17.134,25.9,400.422,1.536,40.94,14.079
2024-08-18T10:00:00-04:00,2024-08-18T11:00:00-04:00,2024-08-18T14:00:00+00:00,2024-08-18T15:00:00+00:00,MOD-00181,60,80.557,21.805,16.053,16.916,24.657,404.172,1.593,38.527,14.786
2024-08-18T11:00:00-04:00,2024-08-18T12:00:00-04:00,2024-08-18T15:00:00+00:00,2024-08-18T16:00:00+00:00,MOD-00181,60,75.27,23.097,16.873,17.289,21.558,443.817,1.784,11.952,13.052
2024-08-18T12:00:00-04:00,2024-08-18T13:00:00-04:00,2024-08-18T16:00:00+00:00,2024-08-18T17:00:00+00:00,MOD-00181,60,67.337,24.973,17.895,18.252,21.929,413.812,1.828,24.441,15.668
2024-08-18T13:00:00-04:00,2024-08-18T14:00:00-04:00,2024-08-18T17:00:00+00:00,2024-08-18T18:00:00+00:00,MOD-00181,60,65.918,24.975,16.7,16.985,20.323,421.903,1.763,33.965,19.354
2024-08-18T14:00:00-04:00,2024-08-18T15:00:00-04:00,2024-08-18T18:00:00+00:00,2024-08-18T19:00:00+00:00,MOD-00181,60,69.032,24.213,16.209,16.475,20.495,425.869,1.88,8.761,21.391
2024-08-18T15:00:00-04:00,2024-08-18T16:00:00-04:00,2024-08-18T19:00:00+00:00,2024-08-18T20:00:00+00:00,MOD-00181,60,68.685,24.38,18.111,18.481,24.945,437.467,1.879,7.968,20.653
2024-08-18T16:00:00-04:00,2024-08-18T17:00:00-04:00,2024-08-18T20:00:00+00:00,2024-08-18T21:00:00+00:00,MOD-00181,60,69.157,24.31,18.32,18.775,24.896,437.714,1.884,7.631,19.765
2024-08-18T17:00:00-04:00,2024-08-18T18:00:00-04:00,2024-08-18T21:00:00+00:00,2024-08-18T22:00:00+00:00,MOD-00181,60,69.142,24.505,17.898,18.34,23.405,426.892,1.896,7.61,19.974
2024-08-18T18:00:00-04:00,2024-08-18T19:00:00-04:00,2024-08-18T22:00:00+00:00,2024-08-18T23:00:00+00:00,MOD-00181,60,72.622,23.472,18.009,18.484,24.8,448.038,1.894,6.802,19.276
2024-08-18T19:00:00-04:00,2024-08-18T20:00:00-04:00,2024-08-18T23:00:00+00:00,2024-08-19T00:00:00+00:00,MOD-00181,60,76.705,22.507,17.536,18.038,24.516,493.81,1.744,12.03,16.461
2024-08-18T20:00:00-04:00,2024-08-18T21:00:00-04:00,2024-08-19T00:00:00+00:00,2024-08-19T01:00:00+00:00,MOD-00181,60,80.773,21.87,16.674,17.436,27.569,466.136,1.607,49.141,12.224
2024-08-18T21:00:00-04:00,2024-08-18T22:00:00-04:00,2024-08-19T01:00:00+00:00,2024-08-19T02:00:00+00:00,MOD-00181,60,84.032,21.263,16.132,16.992,24.981,465.48,1.678,47.923,9.655
2024-08-18T22:00:00-04:00,2024-08-18T23:00:00-04:00,2024-08-19T02:00:00+00:00,2024-08-19T03:00:00+00:00,MOD-00181,60,84.772,21.3,15.109,15.715,23.175,442.095,1.757,44.137,8.645
2024-08-18T23:00:00-04:00,2024-08-19T00:00:00-04:00,2024-08-19T03:00:00+00:00,2024-08-19T04:00:00+00:00,MOD-00181,60,84.367,21.588,14.63,15.237,23.299,412.514,1.743,40.915,7.212
2024-08-19T00:00:00-04:00,2024-08-19T01:00:00-04:00,2024-08-19T04:00:00+00:00,2024-08-19T05:00:00+00:00,MOD-00181,60,84.177,21.877,14.789,15.439,23.732,392.284,1.712,39.783,5.935
2024-08-19T01:00:00-04:00,2024-08-19T02:00:00-04:00,2024-08-19T05:00:00+00:00,2024-08-19T06:00:00+00:00,MOD-00181,60,83.735,22.0,15.494,16.989,34.03,387.449,1.671,42.349,2.905
2024-08-19T02:00:00-04:00,2024-08-19T03:00:00-04:00,2024-08-19T06:00:00+00:00,2024-08-19T07:00:00+00:00,MOD-00181,60,84.203,21.947,15.575,16.86,29.581,345.393,1.743,39.795,5.328
2024-08-19T03:00:00-04:00,2024-08-19T04:00:00-04:00,2024-08-19T07:00:00+00:00,2024-08-19T08:00:00+00:00,MOD-00181,60,85.492,21.642,13.771,14.593,20.82,344.969,1.764,38.163,5.882
2024-08-19T04:00:00-04:00,2024-08-19T05:00:00-04:00,2024-08-19T08:00:00+00:00,2024-08-19T09:00:00+00:00,MOD-00181,57,86.191,21.367,10.483,10.75,14.916,,,,
2024-08-19T05:00:00-04:00,2024-08-19T06:00:00-04:00,2024-08-19T09:00:00+00:00,2024-08-19T10:00:00+00:00,MOD-00181,60,86.645,21.3,9.001,9.222,10.847,,,,
2024-08-19T06:00:00-04:00,2024-08-19T07:00:00-04:00,2024-08-19T10:00:00+00:00,2024-08-19T11:00:00+00:00,MOD-00181,60,86.995,21.31,7.599,7.879,11.716,361.387,1.842,43.09,2.92
2024-08-19T07:00:00-04:00,2024-08-19T08:00:00-04:00,2024-08-19T11:00:00+00:00,2024-08-19T12:00:00+00:00,MOD-00181,60,86.417,21.722,7.537,7.778,10.774,402.069,1.742,44.097,0.716
2024-08-19T08:00:00-04:00,2024-08-19T09:00:00-04:00,2024-08-19T12:00:00+00:00,2024-08-19T13:00:00+00:00,MOD-00181,60,82.075,23.213,8.463,8.768,13.019,437.632,1.558,34.139,2.496
2024-08-19T09:00:00-04:00,2024-08-19T10:00:00-04:00,2024-08-19T13:00:00+00:00,2024-08-19T14:00:00+00:00,MOD-00181,60,72.557,25.623,9.852,10.228,14.087,439.57,1.769,6.626,4.527
2024-08-19T10:00:00-04:00,2024-08-19T11:00:00-04:00,2024-08-19T14:00:00+00:00,2024-08-19T15:00:00+00:00,MOD-00181,60,66.922,26.742,8.629,9.027,13.447,392.015,1.802,8.174,14.491
2024-08-19T11:00:00-04:00,2024-08-19T12:00:00-04:00,2024-08-19T15:00:00+00:00,2024-08-19T16:00:00+00:00,MOD-00181,60,59.593,28.498,6.96,7.351,9.924,332.592,1.927,11.205,26.732
2024-08-19T12:00:00-04:00,2024-08-19T13:00:00-04:00,2024-08-19T16:00:00+00:00,2024-08-19T17:00:00+00:00,MOD-00181,60,58.94,29.087,9.699,10.232,16.556,425.454,1.932,12.322,24.383
2024-08-19T13:00:00-04:00,2024-08-19T14:00:00-04:00,2024-08-19T17:00:00+00:00,2024-08-19T18:00:00+00:00,MOD-00181,60,68.4,27.123,10.732,11.562,19.672,467.533,1.852,12.969,21.718
2024-08-19T14:00:00-04:00,2024-08-19T15:00:00-04:00,2024-08-19T18:00:00+00:00,2024-08-19T19:00:00+00:00,MOD-00181,60,71.887,26.262,9.972,10.644,15.885,441.234,1.799,6.731,22.668
2024-08-19T15:00:00-04:00,2024-08-19T16:00:00-04:00,2024-08-19T19:00:00+00:00,2024-08-19T20:00:00+00:00,MOD-00181,60,63.083,28.487,10.309,10.869,16.394,431.435,1.924,23.807,22.012
2024-08-19T16:00:00-04:00,2024-08-19T17:00:00-04:00,2024-08-19T20:00:00+00:00,2024-08-19T21:00:00+00:00,MOD-00181,60,59.185,29.383,10.028,10.644,16.108,426.784,1.936,10.97,24.792
2024-08-19T17:00:00-04:00,2024-08-19T18:00:00-04:00,2024-08-19T21:00:00+00:00,2024-08-19T22:00:00+00:00,MOD-00181,60,58.088,29.763,8.708,9.644,17.991,421.952,1.967,11.239,27.231
2024-08-19T18:00:00-04:00,2024-08-19T19:00:00-04:00,2024-08-19T22:00:00+00:00,2024-08-19T23:00:00+00:00,MOD-00181,60,66.537,28.103,9.121,10.187,18.983,478.754,1.87,20.817,29.134
2024-08-19T19:00:00-04:00,2024-08-19T20:00:00-04:00,2024-08-19T23:00:00+00:00,2024-08-20T00:00:00+00:00,MOD-00181,60,76.443,26.308,9.751,11.252,23.898,570.116,1.673,6.364,16.072
2024-08-19T20:00:00-04:00,2024-08-19T21:00:00-04:00,2024-08-20T00:00:00+00:00,2024-08-20T01:00:00+00:00,MOD-00181,60,78.76,25.838,8.895,11.248,28.357,411.327,1.622,7.754,21.016
2024-08-19T21:00:00-04:00,2024-08-19T22:00:00-04:00,2024-08-20T01:00:00+00:00,2024-08-20T02:00:00+00:00,MOD-00181,60,77.397,25.187,6.863,7.843,14.373,424.065,1.677,8.573,17.102
2024-08-19T22:00:00-04:00,2024-08-19T23:00:00-04:00,2024-08-20T02:00:00+00:00,2024-08-20T03:00:00+00:00,MOD-00181,60,76.735,23.605,2.915,3.334,7.86,330.839,1.748,10.09,25.09
2024-08-19T23:00:00-04:00,2024-08-20T00:00:00-04:00,2024-08-20T03:00:00+00:00,2024-08-20T04:00:00+00:00,MOD-00181,60,79.813,22.727,2.673,3.048,8.7,337.482,1.728,40.516,23.044
2024-08-20T00:00:00-04:00,2024-08-20T01:00:00-04:00,2024-08-20T04:00:00+00:00,2024-08-20T05:00:00+00:00,MOD-00181,60,79.542,22.162,1.85,2.248,7.144,296.178,1.692,38.941,21.338
2024-08-20T01:00:00-04:00,2024-08-20T02:00:00-04:00,2024-08-20T05:00:00+00:00,2024-08-20T06:00:00+00:00,MOD-00181,60,76.513,21.747,0.944,1.49,7.109,312.543,1.818,28.511,10.596
2024-08-20T02:00:00-04:00,2024-08-20T03:00:00-04:00,2024-08-20T06:00:00+00:00,2024-08-20T07:00:00+00:00,MOD-00181,60,72.923,20.453,0.667,1.009,5.897,323.603,1.901,34.41,5.746
2024-08-20T03:00:00-04:00,2024-08-20T04:00:00-04:00,2024-08-20T07:00:00+00:00,2024-08-20T08:00:00+00:00,MOD-00181,60,72.4,19.217,0.184,0.528,5.725,312.445,1.945,35.545,7.57
2024-08-20T04:00:00-04:00,2024-08-20T05:00:00-04:00,2024-08-20T08:00:00+00:00,2024-08-20T09:00:00+00:00,MOD-00181,60,73.558,18.242,0.192,0.551,6.58,312.623,2.072,37.009,7.738
2024-08-20T05:00:00-04:00,2024-08-20T06:00:00-04:00,2024-08-20T09:00:00+00:00,2024-08-20T10:00:00+00:00,MOD-00181,60,73.165,17.773,0.294,0.676,6.83,305.589,1.973,37.532,7.597
2024-08-20T06:00:00-04:00,2024-08-20T07:00:00-04:00,2024-08-20T10:00:00+00:00,2024-08-20T11:00:00+00:00,MOD-00181,60,72.047,17.675,0.671,1.057,6.763,316.464,1.97,37.808,7.265
2024-08-20T07:00:00-04:00,2024-08-20T08:00:00-04:00,2024-08-20T11:00:00+00:00,2024-08-20T12:00:00+00:00,MOD-00181,60,70.485,17.727,0.738,1.043,6.302,311.239,1.885,37.766,8.953
2024-08-20T08:00:00-04:00,2024-08-20T09:00:00-04:00,2024-08-20T12:00:00+00:00,2024-08-20T13:00:00+00:00,MOD-00181,60,70.208,17.752,0.944,1.176,4.838,313.207,1.895,38.04,10.704
2024-08-20T09:00:00-04:00,2024-08-20T10:00:00-04:00,2024-08-20T13:00:00+00:00,2024-08-20T14:00:00+00:00,MOD-00181,60,62.96,19.51,0.936,1.199,6.754,299.645,2.205,33.877,12.01
2024-08-20T10:00:00-04:00,2024-08-20T11:00:00-04:00,2024-08-20T14:00:00+00:00,2024-08-20T15:00:00+00:00,MOD-00181,60,55.212,21.503,1.049,1.233,5.319,286.343,2.374,21.201,14.331
2024-08-20T11:00:00-04:00,2024-08-20T12:00:00-04:00,2024-08-20T15:00:00+00:00,2024-08-20T16:00:00+00:00,MOD-00181,60,51.107,22.515,1.303,1.457,5.121,277.816,2.447,28.01,17.384
2024-08-20T12:00:00-04:00,2024-08-20T13:00:00-04:00,2024-08-20T16:00:00+00:00,2024-08-20T17:00:00+00:00,MOD-00181,60,48.502,23.127,1.747,1.873,4.026,274.059,3.142,28.906,19.772
2024-08-20T13:00:00-04:00,2024-08-20T14:00:00-04:00,2024-08-20T17:00:00+00:00,2024-08-20T18:00:00+00:00,MOD-00181,60,47.885,23.297,1.958,2.085,4.095,290.793,3.144,33.9,21.637
2024-08-20T14:00:00-04:00,2024-08-20T15:00:00-04:00,2024-08-20T18:00:00+00:00,2024-08-20T19:00:00+00:00,MOD-00181,60,47.492,23.378,1.826,1.937,4.373,293.076,3.145,35.111,22.773
2024-08-20T15:00:00-04:00,2024-08-20T16:00:00-04:00,2024-08-20T19:00:00+00:00,2024-08-20T20:00:00+00:00,MOD-00181,60,48.282,23.078,2.07,2.21,4.315,305.054,3.14,37.033,22.602
2024-08-20T16:00:00-04:00,2024-08-20T17:00:00-04:00,2024-08-20T20:00:00+00:00,2024-08-20T21:00:00+00:00,MOD-00181,60,49.21,22.675,2.154,2.314,4.909,314.365,2.808,38.125,22.195
2024-08-20T17:00:00-04:00,2024-08-20T18:00:00-04:00,2024-08-20T21:00:00+00:00,2024-08-20T22:00:00+00:00,MOD-00181,60,50.7,22.12,2.044,2.196,5.123,318.9,2.361,39.234,21.509
2024-08-20T18:00:00-04:00,2024-08-20T19:00:00-04:00,2024-08-20T22:00:00+00:00,2024-08-20T23:00:00+00:00,MOD-00181,60,53.0,21.145,2.659,2.839,5.21,332.86,2.407,40.634,20.607
2024-08-20T19:00:00-04:00,2024-08-20T20:00:00-04:00,2024-08-20T23:00:00+00:00,2024-08-21T00:00:00+00:00,MOD-00181,60,55.265,20.403,2.543,2.74,5.26,337.929,2.408,41.452,19.408
2024-08-20T20:00:00-04:00,2024-08-20T21:00:00-04:00,2024-08-21T00:00:00+00:00,2024-08-21T01:00:00+00:00,MOD-00181,60,56.367,19.92,2.854,3.024,6.064,336.81,2.352,40.885,19.018
2024-08-20T21:00:00-04:00,2024-08-20T22:00:00-04:00,2024-08-21T01:00:00+00:00,2024-08-21T02:00:00+00:00,MOD-00181,60,60.137,18.97,3.045,3.239,6.718,330.411,2.306,42.438,17.567
2024-08-20T22:00:00-04:00,2024-08-20T23:00:00-04:00,2024-08-21T02:00:00+00:00,2024-08-21T03:00:00+00:00,MOD-00181,60,64.51,17.935,3.348,3.551,6.154,335.603,2.384,43.281,15.843
2024-08-20T23:00:00-04:00,2024-08-21T00:00:00-04:00,2024-08-21T03:00:00+00:00,2024-08-21T04:00:00+00:00,MOD-00181,60,67.408,17.225,3.452,3.654,5.952,329.48,1.936,42.796,13.724
